-- TABLES
CREATE TABLE STUDENT(
USN VARCHAR(20) PRIMARY KEY,
SNAME VARCHAR(20),
ADDRESS VARCHAR(20),
PHONE VARCHAR(10),
GENDER CHAR(1));


CREATE TABLE SEMSEC(
SSID INT PRIMARY KEY,
SEM INT,
SECTION CHAR(1));


CREATE TABLE CLASS(
USN VARCHAR(20),
SSID INT,
PRIMARY KEY(USN, SSID),
FOREIGN KEY(USN) REFERENCES STUDENT(USN) ON DELETE CASCADE,
FOREIGN KEY(SSID) REFERENCES SEMSEC(SSID) ON DELETE CASCADE);


CREATE TABLE SUBJECT(
SUBCODE VARCHAR(20) PRIMARY KEY,
TITLE VARCHAR(30),
SEM INT,
CREDITS INT);


CREATE TABLE IAMARKS(
USN VARCHAR(20),
SUBCODE VARCHAR(20),
SSID INT,
TEST1 INT,
TEST2 INT,
TEST3 INT,
FINAL INT,
PRIMARY KEY(USN, SUBCODE, SSID),
FOREIGN KEY(USN) REFERENCES STUDENT(USN) ON DELETE CASCADE,
FOREIGN KEY(SUBCODE) REFERENCES SUBJECT(SUBCODE) ON DELETE CASCADE,
FOREIGN KEY(SSID) REFERENCES SEMSEC(SSID) ON DELETE CASCADE);


-- INSERTING

INSERT INTO STUDENT(USN, SNAME, ADDRESS, PHONE, GENDER) VALUES
("1CR17IS01","AJITH","BANGALORE",1010101010,'M'),
("1CR17IS02","BARAT","MYSORE",2020202020,'M'),
("1CR17IS03","CLARA","DELHI",303030303,'F'),
("1CR17IS04","DENIS","PUNE",4040404040,'M'),
("1CR17IS05","ELISA","PATNA",505050505,'F'),
("1CR17IS06","FRANC","MUMBAI",6060606060,'M'),
("1CR17IS07","GAURY","BANGALORE",077777777,'F'),
("1CR17IS08","HARRY","KOLKATTA",88888870,'M'),
("1CR17IS09","ISAAC","DEHRADUN",9090909090,'M'),
("1CR17IS010","JAY","SIKKIM",111110000,'M'),
("1CR15IS61","ARTI","PUNE",2121212121,'F'),
("1CR15IS62","BARTI","DELHI",2202202201,'F'),
("1CR15IS63","CEASER","MYSORE",212121212,'M'),
("1CR15IS64","DIA","MYSORE",222222222,'F'),
("1CR15IS65","ELMSRI","BANGALORE",2323232323,'M'),
("1CR15IS67","GEETHA","BANGALORE",252525252,'F'),
("1CR15IS68","HARISH","BANGALORE",565656565,'M'),
("1CR15IS69","IMAN","BANGALORE",2929292929,'M'),
("1CR15IS70","JIBIN","MYSORE",990990909,'M'),
("1CR15IS71","KRUTHI","MYSORE",6767676767,'F'),
("1CR15IS72","LARA","PUNE",3030303030,'F'),
("1CR14IS81", "ATHIYA", "PATNA", 3131313131, 'F'),
("1CR14IS82", "BEEMA", "NEW DELHI", 3232323232, 'M'),
("1CR14IS83", "CHITRA", "PUNE",3333333333, 'F'),
("1CR14IS84", "DIPIKA", "PATNA", 3434343434, 'F'),
("1CR14IS85", "ELIZABETH", "MUMBAI", 2353535355, 'F'),
("1CR14IS86", "FAKRUDDIN", "MUMBAI", 363663663, 'M'),
("1CR14IS87", "GARY", "BANGALORE", 3737373737, 'M'),
("1CR14IS88", "HEMA", "KOLKATTA", 3838383838, 'M'),
("1CR14IS89", "ISHANA", "DEHRADUN", 3939393939, 'F'),
("1CR14IS90", "JASON", "MANIPAL", 4040404040, 'M'),
("1CR14IS91", "KIRANA", "HYDERABAD", 4949494949, 'F'),
("1CR14IS92", "LUCKY", "CHENNAI", 454545545, 'F');


INSERT INTO SEMSEC (SSID, SEM, SECTION) VALUES 
(1,2,'A'), (2,2,'B'), (3,2,'C'), (4,4,'A'),
(5,4,'B'), (6,4,'C'), (7,6,'A'), (8,6,'B'), 
(9,6,'C'), (10,8,'A'), (11,8,'B'), (12,8,'C');


INSERT INTO CLASS(USN,SSID) VALUES 
("1CR17IS01",'1'), ("1CR17IS02",'1'), ("1CR17IS03",'1'),
("1CR17IS04",'2'), ("1CR17IS05",'2'), ("1CR17IS06",'2'),
("1CR17IS07",'3'), ("1CR17IS08",'3'), ("1CR17IS09",'3'),
("1CR15IS63",'7'), ("1CR15IS64",'8'), ("1CR15IS65",'8'), 
("1CR15IS67",'9'), ("1CR15IS68",'9'), ("1CR15IS69",'9'), 
("1CR15IS70",'9'), ("1CR15IS71",'9'), ("1CR15IS72",'9'), 
("1CR14IS81",'10'),("1CR14IS82",'10'),("1CR14IS83",'10'),
("1CR14IS84",'10'),("1CR14IS85",'11'),("1CR14IS86",'11'), 
("1CR14IS87",'11'),("1CR14IS88",'12'),("1CR14IS89",'12'), 
("1CR14IS90",'12'),("1CR14IS91",'12'),("1CR14IS92",'12');


INSERT INTO SUBJECT(SUBCODE,TITLE,SEM,CREDITS) VALUES 
("15PCD23","PCD",2,4), ("15CHE21","CHEM",2,4), ("15ELN22","BASIC ELECTRONICS",2,4),
("15MAT24","MATHS",2,4), ("15CS42","SE",4,4), ("15CS43","DAA",4,4),
("15CS44","MP",4,4), ("15CS46","DC",4,4), ("15CS61","CRYPTOGRAPHY",6,4),
("15CS62","CGV",6,4), ("15CS63","SS",6,4), ("15CS64","OS",6,4),
("15CS81","IOT",8,4), ("15CS82","BIG DATA ANALYTICS",8,4), ("15CS834","SMS",8,4),
("15CS86","SEMINAR",8,4);


INSERT INTO IAMARKS(USN,SUBCODE,SSID,TEST1,TEST2,TEST3)VALUES
("1CR17IS01","15PCD23",1,10,12,14),("1CR17IS01","15CHE21",1,11,12,13),
("1CR17IS01","15ELN22",1,13,14,15),("1CR17IS01","15MAT24",1,16,17,18),
("1CR15IS61","15CS61",7,8,12,16),("1CR15IS61","15CS62",7,9,13,17),
("1CR15IS61","15CS63",7,10,14,18),("1CR15IS61","15CS64",7,11,15,19),
("1CR14IS81","15CS81",10,16,14,20),("1CR14IS81","15CS82",10,20,12,13),
("1CR14IS81","15CS834",10,15,16,20),("1CR14IS81","15CS86",10,20,19,18), 
("1CR14IS82","15CS81",10,12,15,18),("1CR14IS82","15CS82",10,13,20,12),
("1CR14IS82","15CS834",10,15,16,10),("1CR14IS82","15CS86",10,12,9,8),
("1CR14IS83","15CS81",10,2,5,8),("1CR14IS83","15CS82",10,3,12,2),
("1CR14IS83","15CS834",10,5,6,10),("1CR14IS83","15CS86",10,2,19,18),
("1CR14IS84","15CS81",10,12,15,8),("1CR14IS84","15CS82",10,13,0,1),
("1CR14IS84","15CS834",10,15,6,1),("1CR14IS84","15CS86",10,2,19,8),
("1CR14IS85","15CS81",11,12,5,11),("1CR14IS85","15CS82",11,13,2,13),
("1CR14IS85","15CS834",11,14,16,19),("1CR14IS85","15CS86",11,2,14,8),
("1CR14IS86","15CS81",11,12,14,13),("1CR14IS86","15CS82",11,3,2,5),
("1CR14IS86","15CS834",11,4,6,9),("1CR14IS86","15CS86",11,13,17,18),
("1CR14IS87","15CS81",11,13,15,19),("1CR14IS87","15CS82",11,11,2,20),
("1CR14IS87","15CS834",11,11,10,6),("1CR14IS87","15CS86",11,12,4,15),
("1CR14IS88","15CS81",12,9,13,19),("1CR14IS88","15CS82",12,1,2,20),
("1CR14IS88","15CS834",12,10,11,12),("1CR14IS88","15CS86",12,13,14,15),
("1CR14IS89","15CS81",12,19,3,9),("1CR14IS89","15CS82",12,13,12,20),
("1CR14IS89","15CS834",12,16,17,18),("1CR14IS89","15CS86",12,3,11,15),
("1CR14IS90","15CS81",12,16,13,19),("1CR14IS90","15CS82",12,20,2,20),
("1CR14IS90","15CS834",12,6,7,20),("1CR14IS90","15CS86",12,6,12,5),
("1CR14IS91","15CS81",12,19,10,20),("1CR14IS91","15CS82",12,2,20,20),
("1CR14IS91","15CS834",12,20,12,15),("1CR14IS91","15CS86",12,12,5,20),
("1CR14IS92","15CS81",12,9,10,20),("1CR14IS92","15CS82",12,20,19,19),
("1CR14IS92","15CS834",12,20,15,13),("1CR14IS92","15CS86",12,20,20,20);

-- QUERIES

--1
SELECT STUDENT.*
FROM STUDENT NATURAL JOIN
(CLASS NATURAL JOIN SEMSEC)
WHERE SEM=4 AND SECTION='C';

--OR

SELECT STUDENT.*
FROM STUDENT, SEMSEC, CLASS
WHERE SEMSEC.SSID=CLASS.SSID
AND CLASS.USN=STUDENT.USN
AND SEMSEC.SEM=4
AND SEMSEC.SECTION='C';


--2
SELECT SEM, SECTION, GENDER, COUNT(*)
FROM STUDENT NATURAL JOIN
(CLASS NATURAL JOIN SEMSEC)
GROUP BY SEM, SECTION, GENDER;

--OR

SELECT SEM, SECTION, GENDER, COUNT(*)
FROM SEMSEC SS, CLASS C, STUDENT S
WHERE SS.SSID=C.SSID AND S.USN=C.USN
GROUP BY SEM, SECTION, GENDER;


--3
CREATE VIEW V2 AS
SELECT SUBCODE, TEST1
FROM IAMARKS
WHERE USN='1CR14IS82'; --'1BI15CS101'


--4
UPDATE IAMARKS
SET FINAL=(
(TEST1+TEST2+TEST3)-LEAST(TEST1, TEST2, TEST3))/2;

--OR

CREATE TRIGGER FINALIAMARKS
BEFORE INSERT
ON IAMARKS
FOR EACH ROW
SET NEW.FINAL=(
(NEW.TEST1+NEW.TEST2+NEW.TEST3)
-LEAST(NEW.TEST1, NEW.TEST2, NEW.TEST3))/2;


--5
SELECT I.USN, S.SEM, S.SECTION, I.SUBCODE,
(CASE
WHEN FINAL BETWEEN 17 AND 20 THEN 'OUTSTANDING'
WHEN FINAL BETWEEN 12 AND 16 THEN 'AVERAGE'
ELSE 'WEAK'
END) AS CATEGORY
FROM IAMARKS I, CLASS C, SEMSEC S
WHERE I.USN=C.USN AND C.SSID=S.SSID
AND S.SEM=8 AND S.SECTION IN ('A', 'B', 'C');